CHROM,POS,ID,REF,ALT,ANN,A_J,C3H_HeJ
chr5,70023727,rs247218582,A,T,|||intergenic_variant||||||||,1,0
chr5,70053997,rs236144768,A,G,|||intergenic_variant||||||||,0,1
chr5,70162360,rs108391466,G,A,|||intergenic_variant||||||||,1,0
chr5,70178861,rs33378088,A,G,|||intergenic_variant||||||||,0,1
chr5,70410820,rs33348564,T,C,|||intergenic_variant||||||||,1,0
chr5,70745130,rs47193751,G,A,|||intergenic_variant||||||||,1,0
chr5,70805397,.,G,A,ENSMUSG00000001260|ENSMUST00000031119|Transcript|intron_variant||||||||-1,0,1
chr5,70824883,rs29520277,C,T,ENSMUSG00000001260|ENSMUST00000031119|Transcript|intron_variant||||||||-1,1,0
chr5,70944838,rs33244325,G,A,|||intergenic_variant||||||||,0,1
chr5,70959826,.,G,T,ENSMUSG00000000560|ENSMUST00000000572|Transcript|downstream_gene_variant|||||||1231|-1,0,1
chr5,71276571,rs223179252,A,G,|||intergenic_variant||||||||,0,1
chr5,71291218,rs36407747,G,C,|||intergenic_variant||||||||,1,0
chr5,71306736,rs265351376,A,T,|||intergenic_variant||||||||,0,1
chr5,71660130,rs33093581,C,T,ENSMUSG00000029211|ENSMUST00000031121|Transcript|upstream_gene_variant|||||||1822|-1,1,0
chr5,71771510,rs250618485,C,A,ENSMUSG00000029212|ENSMUST00000031122|Transcript|intron_variant||||||||1,1,0
chr5,71801017,rs264404810,A,T,ENSMUSG00000029212|ENSMUST00000031122|Transcript|intron_variant||||||||1,0,1
chr5,71829915,rs266190492,A,G,ENSMUSG00000029212|ENSMUST00000031122|Transcript|intron_variant||||||||1,1,0
chr5,71872807,rs13478321,T,C,ENSMUSG00000029212|ENSMUST00000031122|Transcript|intron_variant||||||||1,0,1
chr5,71872826,rs33110070,G,T,ENSMUSG00000029212|ENSMUST00000031122|Transcript|intron_variant||||||||1,0,1
chr5,71893258,rs38246930,A,C,ENSMUSG00000029212|ENSMUST00000031122|Transcript|intron_variant||||||||1,0,1
chr5,71908691,rs33179705,C,G,ENSMUSG00000029212|ENSMUST00000031122|Transcript|intron_variant||||||||1,0,1
chr5,71939177,rs33392865,A,G,ENSMUSG00000029212|ENSMUST00000031122|Transcript|intron_variant||||||||1,0,1
chr5,71941168,rs52129482,T,C,ENSMUSG00000029212|ENSMUST00000031122|Transcript|intron_variant||||||||1,0,1
chr5,71950755,rs37517564,A,G,ENSMUSG00000029212|ENSMUST00000031122|Transcript|intron_variant||||||||1,0,1
chr5,71965398,rs33047037,A,T,ENSMUSG00000029212|ENSMUST00000031122|Transcript|intron_variant||||||||1,0,1
chr5,71971385,rs37960846,T,C,ENSMUSG00000029212|ENSMUST00000031122|Transcript|intron_variant||||||||1,0,1
chr5,71973046,rs29732967,A,G,ENSMUSG00000029212|ENSMUST00000031122|Transcript|intron_variant||||||||1,0,1
chr5,71973099,rs33466398,A,G,ENSMUSG00000029212|ENSMUST00000031122|Transcript|intron_variant||||||||1,0,1
chr5,71973994,rs583172739,C,A,ENSMUSG00000029212|ENSMUST00000031122|Transcript|intron_variant||||||||1,0,1
chr5,71973996,rs580145094,A,T,ENSMUSG00000029212|ENSMUST00000031122|Transcript|intron_variant||||||||1,0,1
chr5,71973997,rs583937480,A,C,ENSMUSG00000029212|ENSMUST00000031122|Transcript|intron_variant||||||||1,0,1
chr5,71974307,rs239723945,G,A,ENSMUSG00000029212|ENSMUST00000031122|Transcript|intron_variant||||||||1,0,1
chr5,71974364,rs212358885,A,T,ENSMUSG00000029212|ENSMUST00000031122|Transcript|intron_variant||||||||1,0,1
chr5,71974789,rs49496303,C,T,ENSMUSG00000029212|ENSMUST00000031122|Transcript|intron_variant||||||||1,0,1
chr5,71974874,rs47209065,G,A,ENSMUSG00000029212|ENSMUST00000031122|Transcript|intron_variant||||||||1,0,1
chr5,71974920,rs46864583,T,C,ENSMUSG00000029212|ENSMUST00000031122|Transcript|intron_variant||||||||1,0,1
chr5,71974922,rs248186638,T,C,ENSMUSG00000029212|ENSMUST00000031122|Transcript|intron_variant||||||||1,0,1
chr5,71974927,rs46001631,C,A,ENSMUSG00000029212|ENSMUST00000031122|Transcript|intron_variant||||||||1,0,1
chr5,71974967,rs39339716,G,A,ENSMUSG00000029212|ENSMUST00000031122|Transcript|intron_variant||||||||1,0,1
chr5,71975106,rs38169632,T,G,ENSMUSG00000029212|ENSMUST00000031122|Transcript|intron_variant||||||||1,0,1
chr5,71975360,rs36399415,C,T,ENSMUSG00000029212|ENSMUST00000031122|Transcript|intron_variant||||||||1,0,1
chr5,71975979,rs259836785,A,G,ENSMUSG00000029212|ENSMUST00000031122|Transcript|intron_variant||||||||1,0,1
chr5,71976017,.,A,G,ENSMUSG00000029212|ENSMUST00000031122|Transcript|intron_variant||||||||1,0,1
chr5,71976027,rs586748964,G,T,ENSMUSG00000029212|ENSMUST00000031122|Transcript|intron_variant||||||||1,0,1
chr5,71976183,rs33281924,C,T,ENSMUSG00000029212|ENSMUST00000031122|Transcript|intron_variant||||||||1,0,1
chr5,71976652,rs33447000,T,C,ENSMUSG00000029212|ENSMUST00000031122|Transcript|intron_variant||||||||1,0,1
chr5,71977077,rs29512673,G,T,ENSMUSG00000029212|ENSMUST00000031122|Transcript|intron_variant||||||||1,0,1
chr5,71977773,rs38039855,C,T,ENSMUSG00000029212|ENSMUST00000031122|Transcript|intron_variant||||||||1,0,1
chr5,71978215,rs51226696,C,T,ENSMUSG00000029212|ENSMUST00000031122|Transcript|intron_variant||||||||1,0,1
chr5,71978218,rs49869119,T,C,ENSMUSG00000029212|ENSMUST00000031122|Transcript|intron_variant||||||||1,0,1
chr5,71987527,rs36253883,G,A,ENSMUSG00000029212|ENSMUST00000031122|Transcript|intron_variant||||||||1,0,1
chr5,71988093,rs33488370,G,A,ENSMUSG00000029212|ENSMUST00000031122|Transcript|intron_variant||||||||1,0,1
chr5,71989250,rs108819975,G,C,ENSMUSG00000029212|ENSMUST00000031122|Transcript|intron_variant||||||||1,0,1
chr5,71989451,rs29730912,C,T,ENSMUSG00000029212|ENSMUST00000031122|Transcript|intron_variant||||||||1,0,1
chr5,71989482,rs29682917,G,A,ENSMUSG00000029212|ENSMUST00000031122|Transcript|intron_variant||||||||1,0,1
chr5,71989833,rs248323710,C,T,ENSMUSG00000029212|ENSMUST00000031122|Transcript|intron_variant||||||||1,0,1
chr5,71990871,rs258921006,A,G,ENSMUSG00000029212|ENSMUST00000031122|Transcript|intron_variant||||||||1,0,1
chr5,71990879,rs227279256,C,A,ENSMUSG00000029212|ENSMUST00000031122|Transcript|intron_variant||||||||1,0,1
chr5,71991268,rs244962403,G,A,ENSMUSG00000029212|ENSMUST00000031122|Transcript|intron_variant||||||||1,0,1
chr5,71991465,rs224651159,C,G,ENSMUSG00000029212|ENSMUST00000031122|Transcript|intron_variant||||||||1,0,1
chr5,71992307,rs33304162,G,A,ENSMUSG00000029212|ENSMUST00000031122|Transcript|intron_variant||||||||1,0,1
chr5,71993447,rs33220082,A,T,ENSMUSG00000029212|ENSMUST00000031122|Transcript|intron_variant||||||||1,0,1
chr5,71994581,rs33234781,C,G,ENSMUSG00000029212|ENSMUST00000031122|Transcript|intron_variant||||||||1,0,1
chr5,71995892,rs33270797,T,C,ENSMUSG00000029212|ENSMUST00000031122|Transcript|intron_variant||||||||1,0,1
