CHROM,POS,ID,REF,ALT,ANN,129S1_SvImJ,C3H_HeJ
chrX,40290473,rs259961692,A,G,ENSMUSG00000086157|ENSMUST00000144412|Transcript|intron_variant&non_coding_transcript_variant||||||||1,1,0
chrX,40300209,rs586823735,A,G,ENSMUSG00000086157|ENSMUST00000144412|Transcript|intron_variant&non_coding_transcript_variant||||||||1,1,0
chrX,40328181,rs244546067,C,T,ENSMUSG00000086157|ENSMUST00000144412|Transcript|intron_variant&non_coding_transcript_variant||||||||1,1,0
chrX,40368189,.,C,A,ENSMUSG00000086157|ENSMUST00000144412|Transcript|intron_variant&non_coding_transcript_variant||||||||1,1,0
chrX,40368818,.,C,T,ENSMUSG00000086157|ENSMUST00000144412|Transcript|intron_variant&non_coding_transcript_variant||||||||1,1,0
chrX,40374175,rs260692288,A,G,ENSMUSG00000086157|ENSMUST00000144412|Transcript|intron_variant&non_coding_transcript_variant||||||||1,1,0
chrX,40375732,rs250425541,G,A,ENSMUSG00000086157|ENSMUST00000144412|Transcript|intron_variant&non_coding_transcript_variant||||||||1,1,0
chrX,40410593,rs259497081,A,G,ENSMUSG00000086157|ENSMUST00000144412|Transcript|intron_variant&non_coding_transcript_variant||||||||1,1,0
chrX,40413769,rs29899131,G,C,ENSMUSG00000086157|ENSMUST00000144412|Transcript|intron_variant&non_coding_transcript_variant||||||||1,1,0
chrX,40446177,rs214546248,C,T,ENSMUSG00000086157|ENSMUST00000144412|Transcript|intron_variant&non_coding_transcript_variant||||||||1,1,0
chrX,40475756,rs29897848,A,C,ENSMUSG00000086157|ENSMUST00000144412|Transcript|downstream_gene_variant|||||||195|1,1,0
chrX,40480411,rs253748559,C,A,ENSMUSG00000086157|ENSMUST00000144412|Transcript|downstream_gene_variant|||||||4850|1,0,1
chrX,40484876,rs220206318,A,G,|||intergenic_variant||||||||,1,0
chrX,40496784,rs253010492,G,A,|||intergenic_variant||||||||,1,0
chrX,40499872,rs29916880,T,C,|||intergenic_variant||||||||,1,0
chrX,40531232,rs587511040,C,T,|||intergenic_variant||||||||,0,1
chrX,40561018,rs29916035,C,T,|||intergenic_variant||||||||,1,0
chrX,40576903,.,A,T,|||intergenic_variant||||||||,1,0
chrX,40611259,rs33875677,A,C,|||intergenic_variant||||||||,1,0
chrX,40644675,rs29919623,C,T,|||intergenic_variant||||||||,1,0
chrX,40733710,rs263846328,C,A,|||intergenic_variant||||||||,1,0
chrX,40735611,rs52371867,A,G,|||intergenic_variant||||||||,0,1
chrX,40771355,rs242913587,T,C,|||intergenic_variant||||||||,1,0
chrX,40839793,.,G,C,|||intergenic_variant||||||||,0,1
chrX,40910507,rs261595793,G,A,|||intergenic_variant||||||||,1,0
chrX,40918065,rs250351766,T,G,|||intergenic_variant||||||||,0,1
chrX,40932935,.,C,T,ENSMUSG00000084287|ENSMUST00000118073|Transcript|upstream_gene_variant|||||||4824|-1,1,0
chrX,40932941,.,A,G,ENSMUSG00000084287|ENSMUST00000118073|Transcript|upstream_gene_variant|||||||4830|-1,1,0
chrX,40983583,rs583732387,C,A,|||intergenic_variant||||||||,1,0
chrX,40984648,rs230857431,C,G,|||intergenic_variant||||||||,1,0
chrX,41007570,rs583782107,C,A,|||intergenic_variant||||||||,1,0
chrX,41019810,rs29928568,A,G,|||intergenic_variant||||||||,1,0
chrX,41025967,rs259957896,T,C,|||intergenic_variant||||||||,1,0
chrX,41058621,rs213812488,T,G,|||intergenic_variant||||||||,1,0
chrX,41259747,rs29933395,A,T,|||intergenic_variant||||||||,1,0
chrX,41302446,rs579719570,G,T,|||intergenic_variant||||||||,0,1
chrX,41610750,rs29940225,T,C,"ENSMUSG00000001986|ENSMUST00000128197|Transcript|non_coding_transcript_exon_variant&non_coding_transcript_variant|2759|||||||1,C|ENSMUSG00000001986|ENSMUST00000115103|Transcript|intron_variant||||||||1,C|ENSMUSG00000001986|ENSMUST00000148212|Transcript|non_coding_transcript_exon_variant&non_coding_transcript_variant|2402|||||||1,C|ENSMUSG00000001986|ENSMUST00000156721|Transcript|intron_variant&non_coding_transcript_variant||||||||1,C|ENSMUSG00000001986|ENSMUST00000076349|Transcript|intron_variant||||||||1,C|ENSMUSG00000001986|ENSMUST00000139965|Transcript|intron_variant&NMD_transcript_variant||||||||1,C|ENSMUSG00000001986|ENSMUST00000126843|Transcript|intron_variant&non_coding_transcript_variant||||||||1,C|ENSMUSG00000001986|ENSMUST00000165288|Transcript|intron_variant||||||||1",1,0
chrX,41819024,rs33874714,A,T,"ENSMUSG00000037475|ENSMUST00000047037|Transcript|intron_variant||||||||-1,T|ENSMUSG00000037475|ENSMUST00000151802|Transcript|downstream_gene_variant|||||||4384|-1,T|ENSMUSG00000037475|ENSMUST00000150443|Transcript|intron_variant&non_coding_transcript_variant||||||||-1,T|ENSMUSG00000037475|ENSMUST00000123512|Transcript|intron_variant&non_coding_transcript_variant||||||||-1,T|ENSMUSG00000037475|ENSMUST00000151430|Transcript|upstream_gene_variant|||||||4404|-1,T|ENSMUSG00000037475|ENSMUST00000130993|Transcript|upstream_gene_variant|||||||4702|-1,T|ENSMUSG00000037475|ENSMUST00000124458|Transcript|upstream_gene_variant|||||||4778|-1",0,1
chrX,41985631,.,T,C,|||intergenic_variant||||||||,1,0
chrX,42190750,rs234827653,T,A,"ENSMUSG00000025862|ENSMUST00000141414|Transcript|intron_variant&non_coding_transcript_variant||||||||1,A|ENSMUSG00000025862|ENSMUST00000115072|Transcript|intron_variant||||||||1,A|ENSMUSG00000025862|ENSMUST00000115073|Transcript|intron_variant||||||||1,A|ENSMUSG00000025862|ENSMUST00000127618|Transcript|intron_variant||||||||1,A|ENSMUSG00000025862|ENSMUST00000128799|Transcript|intron_variant||||||||1,A|ENSMUSG00000025862|ENSMUST00000136323|Transcript|intron_variant&non_coding_transcript_variant||||||||1,A|ENSMUSG00000025862|ENSMUST00000069619|Transcript|intron_variant||||||||1,A|ENSMUSG00000025862|ENSMUST00000123245|Transcript|intron_variant||||||||1",1,0
chrX,42196907,rs258669412,T,A,"ENSMUSG00000025862|ENSMUST00000141414|Transcript|intron_variant&non_coding_transcript_variant||||||||1,A|ENSMUSG00000025862|ENSMUST00000115072|Transcript|intron_variant||||||||1,A|ENSMUSG00000025862|ENSMUST00000115073|Transcript|intron_variant||||||||1,A|ENSMUSG00000025862|ENSMUST00000127618|Transcript|intron_variant||||||||1,A|ENSMUSG00000025862|ENSMUST00000128799|Transcript|intron_variant||||||||1,A|ENSMUSG00000025862|ENSMUST00000136323|Transcript|intron_variant&non_coding_transcript_variant||||||||1,A|ENSMUSG00000025862|ENSMUST00000069619|Transcript|intron_variant||||||||1,A|ENSMUSG00000025862|ENSMUST00000123245|Transcript|intron_variant||||||||1",1,0
chrX,42224630,rs252627994,G,A,"ENSMUSG00000025862|ENSMUST00000115072|Transcript|intron_variant||||||||1,A|ENSMUSG00000025862|ENSMUST00000115073|Transcript|intron_variant||||||||1,A|ENSMUSG00000025862|ENSMUST00000128799|Transcript|downstream_gene_variant|||||||3601|1,A|ENSMUSG00000025862|ENSMUST00000069619|Transcript|intron_variant||||||||1",1,0
chrX,42384317,rs581616460,C,T,|||intergenic_variant||||||||,0,1
chrX,42452847,rs13483731,T,C,|||intergenic_variant||||||||,0,1
chrX,42623498,rs214947199,G,A,"ENSMUSG00000016150|ENSMUST00000016294|Transcript|intron_variant||||||||-1,A|ENSMUSG00000016150|ENSMUST00000115059|Transcript|intron_variant||||||||-1,A|ENSMUSG00000016150|ENSMUST00000115058|Transcript|intron_variant||||||||-1",1,0
chrX,42623499,rs238496125,G,A,"ENSMUSG00000016150|ENSMUST00000016294|Transcript|intron_variant||||||||-1,A|ENSMUSG00000016150|ENSMUST00000115059|Transcript|intron_variant||||||||-1,A|ENSMUSG00000016150|ENSMUST00000115058|Transcript|intron_variant||||||||-1",1,0
chrX,42767423,.,A,G,"ENSMUSG00000016150|ENSMUST00000016294|Transcript|intron_variant||||||||-1,G|ENSMUSG00000016150|ENSMUST00000115059|Transcript|intron_variant||||||||-1,G|ENSMUSG00000016150|ENSMUST00000115058|Transcript|intron_variant||||||||-1",0,1
chrX,42981911,.,T,G,"ENSMUSG00000016150|ENSMUST00000154433|Transcript|intron_variant&non_coding_transcript_variant||||||||-1,G|ENSMUSG00000016150|ENSMUST00000016294|Transcript|intron_variant||||||||-1,G|ENSMUSG00000016150|ENSMUST00000115059|Transcript|intron_variant||||||||-1,G|ENSMUSG00000016150|ENSMUST00000126161|Transcript|intron_variant&non_coding_transcript_variant||||||||-1,G|ENSMUSG00000016150|ENSMUST00000115058|Transcript|intron_variant||||||||-1",0,1
